"user_id","timestamp"
"nm",2025-06-09 12:51:16.520953
"nj",2025-06-09 10:56:19.192283
"ab",2025-06-09 10:59:07.387315
"sd",2025-06-09 11:08:30.41559
"uv",2025-06-09 11:09:12.3474
"us",2025-06-09 11:10:47.205293
"ds",2025-06-09 11:14:15.026337
"dy",2025-06-09 11:17:36.945753
"de",2025-06-09 11:18:38.274309
"re",2025-06-09 11:25:32.576483
"rr",2025-06-09 11:26:29.077489
"rj",2025-06-09 15:03:28.059046
"ro",2025-06-09 15:06:12.007693
"abc",2025-06-09 15:07:24.702311
"ac",2025-06-09 15:07:49.024779
